<?xml version="1.0" encoding="utf-8"?>
<Table>
	<Technology type = "ZigBee">
		<Scenario type = "Metropolitan">
			<Power dbm = "dbm0">
				<Distance range = "0-10">
					<TS>0.98</TS>
					<Color>GREEN</Color>
				</Distance>
				<Distance range = "10-20">
					<TS>0.95</TS>
					<Color>GREEN</Color>
				</Distance>
				<Distance range = "20-30">
					<TS>0.90</TS>
					<Color>YELLOW</Color>
				</Distance>
				<Distance range = "30-40">
					<TS>0.80</TS>
					<Color>RED</Color>
				</Distance>
			</Power>
		</Scenario>
	</Technology>
</Table>
